,price,size,ask_price,ask_size,bid_price,bid_size
2016-04-06 17:25:47.688910,,,38.1,,,
2016-04-06 17:25:47.688961,,,,20.0,,
2016-04-06 17:25:47.689210,,,,20.0,,
2016-04-06 17:25:47.689438,38.11,,,,,
2016-04-06 17:25:47.689463,,31.0,,,,
2016-04-06 17:25:47.689629,,31.0,,,,
2016-04-06 17:25:49.495482,,,,,38.09,
2016-04-06 17:25:49.495592,,,,,,2.0
2016-04-06 17:25:49.495746,,,,,,2.0
2016-04-06 17:25:49.497017,,,38.06,,,
2016-04-06 17:25:49.497077,,,,19.0,,
2016-04-06 17:25:49.497320,38.08,,,,,
2016-04-06 17:25:49.497382,,50.0,,,,
2016-04-06 17:25:49.497596,,,,19.0,,
2016-04-06 17:25:49.497759,,50.0,,,,
2016-04-06 17:25:49.497961,38.07,,,,,
2016-04-06 17:25:49.498017,,29.0,,,,
2016-04-06 17:25:49.498227,,,,1.0,,
2016-04-06 17:25:49.498384,,29.0,,,,
2016-04-06 17:25:49.498535,,,,4.0,,
2016-04-06 17:25:49.498754,,25.0,,,,
2016-04-06 17:25:50.192634,,33.0,,,,
2016-04-06 17:25:51.194385,,,,5.0,,
2016-04-06 17:25:51.194829,,35.0,,,,
2016-04-06 17:25:52.196569,,40.0,,,,
2016-04-06 17:25:53.198135,,,,2.0,,
2016-04-06 17:25:53.198490,,43.0,,,,
2016-04-06 17:25:54.200296,,,,4.0,,
2016-04-06 17:25:54.200588,,41.0,,,,
2016-04-06 17:25:54.922248,,,38.05,,,
2016-04-06 17:25:54.922442,,,,46.0,,
2016-04-06 17:25:54.922813,,,,46.0,,
2016-04-06 17:25:54.923174,,43.0,,,,
2016-04-06 17:25:55.142500,,,,43.0,,
2016-04-06 17:25:55.142850,,57.0,,,,
2016-04-06 17:25:55.143529,,,,,38.06,
2016-04-06 17:25:55.143631,,,,,,1.0
2016-04-06 17:25:55.143930,,,,,,1.0
2016-04-06 17:25:55.144652,,,38.06,,,
2016-04-06 17:25:55.144761,,,,1.0,,
2016-04-06 17:25:55.145047,,,,1.0,,
2016-04-06 17:25:55.363353,,,38.05,,,
2016-04-06 17:25:55.363537,,,,5.0,,
2016-04-06 17:25:55.364076,38.06,,,,,
2016-04-06 17:25:55.364314,,16.0,,,,
2016-04-06 17:25:55.364894,,,,5.0,,
2016-04-06 17:25:55.365278,,16.0,,,,
2016-04-06 17:25:56.204205,,,,4.0,,
2016-04-06 17:25:56.204575,,26.0,,,,
2016-04-06 17:25:57.205607,,,,2.0,,
2016-04-06 17:25:57.206086,,37.0,,,,
2016-04-06 17:25:58.207667,,40.0,,,,
2016-04-06 17:25:59.209819,,,,5.0,,
2016-04-06 17:25:59.210293,,36.0,,,,
2016-04-06 17:26:00.213245,38.07,,,,,
2016-04-06 17:26:00.213412,,48.0,,,,
2016-04-06 17:26:00.213907,,,,13.0,,
2016-04-06 17:26:00.214237,,48.0,,,,
2016-04-06 17:26:00.432758,38.06,,,,,
2016-04-06 17:26:00.432980,,4.0,,,,
2016-04-06 17:26:00.433372,,,,7.0,,
2016-04-06 17:26:00.433827,,4.0,,,,
2016-04-06 17:26:00.434248,,,,6.0,,
2016-04-06 17:26:00.434547,,1.0,,,,
2016-04-06 17:26:00.813460,38.07,,,,,
2016-04-06 17:26:00.813660,,52.0,,,,
2016-04-06 17:26:00.814071,,,,11.0,,
2016-04-06 17:26:00.814415,,52.0,,,,
2016-04-06 17:35:33.043891,,,38.05,,,
2016-04-06 17:35:33.043935,,,,20.0,,
2016-04-06 17:35:33.044130,38.07,,,,,
2016-04-06 17:35:33.044154,,58.0,,,,
2016-04-06 17:35:33.265783,,,,,38.07,
2016-04-06 17:35:33.265848,,,,,,2.0
2016-04-06 17:35:33.266071,,,,,,2.0
2016-04-06 17:35:33.267510,,,38.06,,,
2016-04-06 17:35:33.267539,,,,14.0,,
2016-04-06 17:35:33.267789,38.08,,,,,
2016-04-06 17:35:33.267834,,36.0,,,,
2016-04-06 17:35:33.268236,,,,14.0,,
2016-04-06 17:35:33.268406,,36.0,,,,
2016-04-06 17:35:33.544548,,,,15.0,,
2016-04-06 17:35:34.045555,38.07,,,,,
2016-04-06 17:35:34.045605,,1.0,,,,
2016-04-06 17:35:34.045771,,,,10.0,,
2016-04-06 17:35:34.046010,,1.0,,,,
2016-04-06 17:35:34.266164,,,,2.0,,
2016-04-06 17:35:34.266354,,20.0,,,,
2016-04-06 17:35:34.266507,,,,6.0,,
2016-04-06 17:35:34.266656,,2.0,,,,
2016-04-06 17:35:36.000031,,,,4.0,,
2016-04-06 17:35:36.000329,,15.0,,,,
2016-04-06 17:35:36.000551,38.08,,,,,
2016-04-06 17:35:36.000651,,38.0,,,,
2016-04-06 17:35:36.000861,,,,12.0,,
2016-04-06 17:35:36.001038,,38.0,,,,
2016-04-06 17:35:36.150077,,,,18.0,,
2016-04-06 17:35:36.150518,,40.0,,,,
2016-04-06 17:35:36.952047,,,38.07,,,
2016-04-06 17:35:36.952479,,,,1.0,,
2016-04-06 17:35:36.953000,,,,1.0,,
2016-04-06 17:35:40.358734,,,38.06,,,
2016-04-06 17:35:40.358925,,,,18.0,,
2016-04-06 17:35:40.359352,,,,18.0,,
2016-04-06 17:35:41.360525,,,,17.0,,
2016-04-06 17:35:41.360985,,42.0,,,,
2016-04-06 17:35:42.363136,38.07,,,,,
2016-04-06 17:35:42.363330,,10.0,,,,
2016-04-06 17:35:42.363727,,,,7.0,,
2016-04-06 17:35:42.364348,,10.0,,,,
2016-04-06 17:35:42.583373,,,,4.0,,
2016-04-06 17:35:42.583739,,16.0,,,,
2016-04-06 17:35:42.803703,,,,1.0,,
2016-04-06 17:35:42.804040,,27.0,,,,
2016-04-06 17:35:44.668371,,,,2.0,,
2016-04-06 17:35:44.668801,,25.0,,,,
2016-04-06 17:35:45.670220,,,,4.0,,
2016-04-06 17:35:45.670430,,20.0,,,,
2016-04-06 17:35:46.672407,,21.0,,,,
2016-04-06 17:35:47.674023,,,,2.0,,
2016-04-06 17:35:47.674378,,23.0,,,,
2016-04-06 17:35:50.481109,,,,,38.06,
2016-04-06 17:35:50.481301,,,,,,2.0
2016-04-06 17:35:50.482297,,,38.05,,,
2016-04-06 17:35:50.482410,,,,7.0,,
2016-04-06 17:35:50.482815,38.06,,,,,
2016-04-06 17:35:50.482938,,7.0,,,,
2016-04-06 17:35:50.483245,,,,7.0,,
2016-04-06 17:35:50.483532,,7.0,,,,
2016-04-06 17:35:50.701338,,,38.06,,,
2016-04-06 17:35:50.701524,,,,1.0,,
2016-04-06 17:35:50.702017,38.07,,,,,
2016-04-06 17:35:50.702157,,37.0,,,,
2016-04-06 17:35:50.702561,,,,1.0,,
2016-04-06 17:35:50.702967,,37.0,,,,
2016-04-06 17:35:51.582759,,35.0,,,,
2016-04-06 17:35:53.286275,,36.0,,,,
2016-04-06 17:35:54.088199,,,,,,1.0
2016-04-06 17:35:54.088794,,,38.05,,,
2016-04-06 17:35:54.088861,,,,6.0,,
2016-04-06 17:35:54.089132,38.06,,,,,
2016-04-06 17:35:54.089191,,6.0,,,,
2016-04-06 17:35:54.089399,,,,6.0,,
2016-04-06 17:35:54.089557,,6.0,,,,
2016-04-06 17:35:55.010431,,13.0,,,,
2016-04-06 17:35:55.791688,,,,4.0,,
2016-04-06 17:35:55.792040,,16.0,,,,
2016-04-06 17:35:56.393349,38.07,,,,,
2016-04-06 17:35:56.393550,,48.0,,,,
2016-04-06 17:35:56.393971,,,,33.0,,
2016-04-06 17:35:56.394397,,48.0,,,,
2016-04-06 17:35:57.094742,38.06,,,,,
2016-04-06 17:35:57.094933,,4.0,,,,
2016-04-06 17:35:57.095410,,,,9.0,,
2016-04-06 17:35:57.095897,,4.0,,,,
2016-04-06 17:35:57.896291,,,,4.0,,
2016-04-06 17:35:57.896792,,10.0,,,,
2016-04-06 17:35:58.116629,,,,7.0,,
2016-04-06 17:35:58.116936,,7.0,,,,
2016-04-06 17:35:58.999373,,8.0,,,,
2016-04-06 17:36:00.001146,,,,8.0,,
2016-04-06 17:36:00.001572,,4.0,,,,
2016-04-06 17:36:01.003635,,,,13.0,,
2016-04-06 23:54:57.142022,,,38.91,,,
2016-04-06 23:54:57.142074,,,,7.0,,
2016-04-06 23:54:57.142232,,,,7.0,,
2016-04-06 23:54:57.142459,38.92,,,,,
2016-04-06 23:54:57.142488,,5.0,,,,
2016-04-06 23:54:57.142638,,5.0,,,,
2016-04-06 23:54:57.365626,,,,,38.93,
2016-04-06 23:54:57.365690,,,,,,2.0
2016-04-06 23:54:57.365897,,,,,,2.0
2016-04-06 23:54:57.367482,,,38.92,,,
2016-04-06 23:54:57.367513,,,,1.0,,
2016-04-06 23:54:57.367744,38.93,,,,,
2016-04-06 23:54:57.367771,,22.0,,,,
2016-04-06 23:54:57.367920,,,,1.0,,
2016-04-06 23:54:57.368076,,22.0,,,,
2016-04-06 23:54:57.743447,,,,,38.92,
2016-04-06 23:54:57.743501,,,,,,1.0
2016-04-06 23:54:57.743665,,,,,,1.0
2016-04-06 23:54:57.743904,,,38.91,,,
2016-04-06 23:54:57.743933,,,,12.0,,
2016-04-06 23:54:57.744248,38.92,,,,,
2016-04-06 23:54:57.744289,,18.0,,,,
2016-04-06 23:54:57.744464,,,,12.0,,
2016-04-06 23:54:57.744625,,18.0,,,,
2016-04-06 23:54:57.965650,,,38.9,,,
2016-04-06 23:54:57.965691,,,,24.0,,
2016-04-06 23:54:57.965821,,,,24.0,,
2016-04-06 23:54:57.965948,,25.0,,,,
2016-04-06 23:54:58.188932,38.91,,,,,
2016-04-06 23:54:58.188979,,18.0,,,,
2016-04-06 23:54:58.189195,,,,11.0,,
2016-04-06 23:54:58.189400,,18.0,,,,
2016-04-06 23:54:58.412279,,,,,38.91,
2016-04-06 23:54:58.412323,,,,,,1.0
2016-04-06 23:54:58.412479,,,,2.0,,
2016-04-06 23:54:58.412637,,19.0,,,,
2016-04-06 23:55:02.583344,,,,7.0,,
2016-04-06 23:55:02.583669,,,,,38.9,
2016-04-06 23:55:02.583705,,,,,,7.0
2016-04-06 23:55:02.583808,,,,,,7.0
2016-04-06 23:55:02.583961,,,38.89,,,
2016-04-06 23:55:02.583995,,,,16.0,,
2016-04-06 23:55:02.584140,38.9,,,,,
2016-04-06 23:55:02.584174,,6.0,,,,
2016-04-06 23:55:02.584372,,,,16.0,,
2016-04-06 23:55:02.584526,,6.0,,,,
2016-04-06 23:55:02.584633,,,,14.0,,
2016-04-06 23:55:02.584736,,11.0,,,,
2016-04-06 23:55:02.584859,,,,9.0,,
2016-04-06 23:55:02.584987,,13.0,,,,
2016-04-06 23:55:02.585093,,,,4.0,,
2016-04-06 23:55:02.585281,,14.0,,,,
2016-04-06 23:55:02.585493,,,,1.0,,
2016-04-06 23:55:02.585666,,,38.88,,,
2016-04-06 23:55:02.585700,,,,52.0,,
2016-04-06 23:55:02.585806,,,,52.0,,
2016-04-06 23:55:02.585953,,,38.89,,,
2016-04-06 23:55:02.585986,,,,1.0,,
2016-04-06 23:55:02.586105,,,,1.0,,
2016-04-06 23:55:02.586203,,,,4.0,,
2016-04-06 23:55:02.586304,,12.0,,,,
2016-04-06 23:55:02.586403,,13.0,,,,
2016-04-06 23:55:02.586731,,,,,,1.0
2016-04-06 23:55:02.586868,,,38.9,,,
2016-04-06 23:55:02.586899,,,,5.0,,
2016-04-06 23:55:02.587036,38.91,,,,,
2016-04-06 23:55:02.587067,,25.0,,,,
2016-04-06 23:55:02.587161,,,,5.0,,
2016-04-06 23:55:02.587260,,25.0,,,,
2016-04-06 23:55:02.587361,,,,10.0,,
2016-04-06 23:55:02.587460,,20.0,,,,
2016-04-06 23:55:02.587618,,,,17.0,,
2016-04-06 23:55:02.587740,,15.0,,,,
2016-04-06 23:55:03.055592,,,,15.0,,
2016-04-06 23:55:03.055922,,14.0,,,,
2016-04-06 23:55:03.957587,,,,3.0,,
2016-04-06 23:55:04.180514,,,,1.0,,
2016-04-06 23:55:04.403512,,,38.89,,,
2016-04-06 23:55:04.403633,,,,23.0,,
2016-04-06 23:55:04.403848,,,,23.0,,
2016-04-06 23:55:04.404114,,,38.9,,,
2016-04-06 23:55:04.404176,,,,1.0,,
2016-04-06 23:55:04.404451,,,,1.0,,
2016-04-06 23:55:04.859264,,,,4.0,,
2016-04-06 23:55:05.082697,,,,20.0,,
2016-04-06 23:55:05.082867,,1.0,,,,
2016-04-06 23:55:05.306795,,,,,38.91,
2016-04-06 23:55:05.306889,,,,,,1.0
2016-04-06 23:55:05.307120,,,,14.0,,
2016-04-06 23:55:05.307318,,2.0,,,,
2016-04-06 23:55:05.307609,,,38.91,,,
2016-04-06 23:55:05.307673,,,,1.0,,
2016-04-06 23:55:05.307938,38.92,,,,,
2016-04-06 23:55:05.307998,,20.0,,,,
2016-04-06 23:55:05.308176,,,,1.0,,
2016-04-06 23:55:05.308364,,20.0,,,,
2016-04-06 23:55:05.528693,,,38.9,,,
2016-04-06 23:55:05.528778,,,,9.0,,
2016-04-06 23:55:05.528955,38.91,,,,,
2016-04-06 23:55:05.529004,,2.0,,,,
2016-04-06 23:55:05.529126,,,,9.0,,
2016-04-06 23:55:05.529249,,2.0,,,,
2016-04-06 23:55:05.529371,,9.0,,,,
2016-04-06 23:55:05.752303,,,,3.0,,
2016-04-06 23:55:05.752782,,11.0,,,,
2016-04-06 23:55:05.975428,,,,1.0,,
2016-04-06 23:55:05.975876,,,,4.0,,
2016-04-06 23:55:05.976151,,12.0,,,,
2016-04-06 23:55:06.198343,,,,,,3.0
2016-04-06 23:55:06.964551,,,,5.0,,
2016-04-06 23:55:06.964796,,9.0,,,,
2016-04-06 23:55:07.967296,38.92,,,,,
2016-04-06 23:55:07.967447,,16.0,,,,
2016-04-06 23:55:07.967704,,,,26.0,,
2016-04-06 23:55:07.967959,,16.0,,,,
2016-04-06 23:55:08.190285,,,38.91,,,
2016-04-06 23:55:08.190398,,,,4.0,,
2016-04-06 23:55:08.190588,,,,4.0,,
2016-04-06 23:55:08.413676,,,,10.0,,
2016-04-06 23:55:09.269380,,,,12.0,,
2016-04-06 23:55:09.269632,,15.0,,,,
2016-04-06 23:55:09.670867,,,,19.0,,
2016-04-06 23:55:09.671187,,4.0,,,,
2016-04-06 23:55:09.972216,,,,,38.92,
2016-04-06 23:55:09.972307,,,,,,2.0
2016-04-06 23:55:09.972563,,,,,,2.0
2016-04-06 23:55:09.972827,,,38.92,,,
2016-04-06 23:55:09.972890,,,,2.0,,
2016-04-06 23:55:09.973152,38.93,,,,,
2016-04-06 23:55:09.973245,,23.0,,,,
2016-04-06 23:55:09.973580,,,,2.0,,
2016-04-06 23:55:09.973782,,23.0,,,,
2016-04-06 23:55:10.194637,,,,3.0,,
2016-04-06 23:55:10.194967,,21.0,,,,
2016-04-06 23:55:10.873358,,,38.91,,,
2016-04-06 23:55:10.873471,,,,10.0,,
2016-04-06 23:55:10.873742,38.92,,,,,
2016-04-06 23:55:10.873806,,10.0,,,,
2016-04-06 23:55:10.873993,,,,10.0,,
2016-04-06 23:55:10.874194,,10.0,,,,
2016-04-06 23:55:11.097037,,,,,,1.0
2016-04-06 23:55:11.319703,,,,3.0,,
2016-04-06 23:55:11.319950,,16.0,,,,
2016-04-06 23:55:12.176774,,17.0,,,,
2016-04-06 23:55:12.400265,,,,,38.91,
2016-04-06 23:55:12.400334,,,,,,6.0
2016-04-06 23:55:12.400515,,,,,,6.0
2016-04-06 23:55:12.400778,,,38.9,,,
2016-04-06 23:55:12.400838,,,,10.0,,
2016-04-06 23:55:12.401024,,,,10.0,,
2016-04-06 23:55:12.401211,,21.0,,,,
2016-04-06 23:55:12.622805,38.91,,,,,
2016-04-06 23:55:12.622957,,1.0,,,,
2016-04-06 23:55:12.623206,,,,9.0,,
2016-04-06 23:55:12.623602,,1.0,,,,
2016-04-06 23:55:13.402216,,,,,,1.0
2016-04-06 23:55:13.402453,,,,42.0,,
2016-04-06 23:55:13.402609,,6.0,,,,
2016-04-06 23:55:14.382137,,,,41.0,,
2016-04-06 23:55:14.382459,,8.0,,,,
2016-04-06 23:55:15.384358,,,,40.0,,
2016-04-06 23:55:16.086039,,,,,,2.0
2016-04-06 23:55:16.386690,,,,44.0,,
2016-04-06 23:55:16.387011,,6.0,,,,
2016-04-06 23:55:16.610156,,,38.91,,,
2016-04-06 23:55:16.610326,,,,4.0,,
2016-04-06 23:55:16.610709,38.92,,,,,
2016-04-06 23:55:16.610793,,17.0,,,,
2016-04-06 23:55:16.611034,,,,4.0,,
2016-04-06 23:55:16.611287,,17.0,,,,
2016-04-06 23:55:16.833284,,,,34.0,,
2016-04-06 23:55:17.056275,,,,35.0,,
2016-04-06 23:55:17.056595,,7.0,,,,
2016-04-06 23:55:17.279629,,,,,,4.0
2016-04-06 23:55:17.890457,,,,44.0,,
2016-04-06 23:55:17.890781,,5.0,,,,
2016-04-06 23:55:18.692805,,,,,38.92,
2016-04-06 23:55:18.692875,,,,,,1.0
2016-04-06 23:55:18.693060,,,,,,1.0
2016-04-06 23:55:18.693323,,,38.92,,,
2016-04-06 23:55:18.693404,,,,3.0,,
2016-04-06 23:55:18.693780,38.93,,,,,
2016-04-06 23:55:18.693845,,14.0,,,,
2016-04-06 23:55:18.694026,,,,3.0,,
2016-04-06 23:55:18.694216,,14.0,,,,
2016-04-06 23:55:18.915339,,,,9.0,,
2016-04-06 23:55:18.915584,,1.0,,,,
2016-04-06 23:55:18.915881,,,,15.0,,
2016-04-06 23:55:18.916095,,5.0,,,,
2016-04-06 23:55:19.393981,,26.0,,,,
2016-04-06 23:55:19.895122,,,,8.0,,
2016-04-06 23:55:19.895445,,7.0,,,,
2016-04-06 23:55:20.118389,,5.0,,,,
2016-04-06 23:55:20.118713,,,,6.0,,
2016-04-06 23:55:20.118978,,28.0,,,,
2016-04-06 23:55:20.696897,,,,,,2.0
2016-04-06 23:55:20.919427,,,38.91,,,
2016-04-06 23:55:20.919525,,,,41.0,,
2016-04-06 23:55:20.919682,,,,41.0,,
2016-04-06 23:55:20.919837,,51.0,,,,
2016-04-06 23:55:21.598356,,,38.92,,,
2016-04-06 23:55:21.598474,,,,1.0,,
2016-04-06 23:55:21.598664,,,,1.0,,
2016-04-06 23:55:21.598856,,45.0,,,,
2016-04-06 23:55:21.822129,,,,,,3.0
2016-04-06 23:55:22.600314,,,,3.0,,
2016-04-06 23:55:22.824045,,,38.91,,,
2016-04-06 23:55:22.824193,,,,54.0,,
2016-04-06 23:55:22.824519,,,,54.0,,
2016-04-06 23:55:22.824845,,47.0,,,,
2016-04-06 23:55:23.703149,38.92,,,,,
2016-04-06 23:55:23.703265,,18.0,,,,
2016-04-06 23:55:23.703462,,,,16.0,,
2016-04-06 23:55:23.703673,,18.0,,,,
2016-04-06 23:55:23.926340,,,,9.0,,
2016-04-06 23:55:23.926611,,24.0,,,,
2016-04-06 23:55:24.805597,,,,19.0,,
2016-04-06 23:55:24.806022,,29.0,,,,
2016-04-06 23:55:25.806638,,,,20.0,,
2016-04-06 23:55:25.807099,,31.0,,,,
2016-04-06 23:55:26.030137,,,,,,2.0
2016-04-06 23:55:26.030298,,,38.92,,,
2016-04-06 23:55:26.030335,,,,2.0,,
2016-04-06 23:55:26.030490,38.93,,,,,
2016-04-06 23:55:26.030526,,63.0,,,,
2016-04-06 23:55:26.030633,,,,2.0,,
2016-04-06 23:55:26.030745,,63.0,,,,
2016-04-06 23:55:26.030853,,,,9.0,,
2016-04-06 23:55:26.030964,,33.0,,,,
2016-04-06 23:55:27.009770,,,,5.0,,
2016-04-06 23:55:27.010080,,43.0,,,,
2016-04-06 23:55:27.634226,,,38.91,,,
2016-04-06 23:55:27.634377,,,,52.0,,
2016-04-06 23:55:27.634636,,,,52.0,,
2016-04-06 23:55:27.634892,,52.0,,,,
2016-04-06 23:55:27.856844,,,38.92,,,
2016-04-06 23:55:27.857005,,,,2.0,,
2016-04-06 23:55:27.857205,,,,2.0,,
2016-04-06 23:55:27.857402,,53.0,,,,
2016-04-06 23:55:27.858097,,,38.91,,,
2016-04-06 23:55:27.858164,,,,9.0,,
2016-04-06 23:55:27.858472,38.92,,,,,
2016-04-06 23:55:27.858532,,12.0,,,,
2016-04-06 23:55:27.858710,,,,9.0,,
2016-04-06 23:55:27.858898,,12.0,,,,
2016-04-06 23:55:28.079711,,,,8.0,,
2016-04-06 23:55:28.079964,,22.0,,,,
2016-04-06 23:55:28.613192,,,,14.0,,
2016-04-06 23:55:28.613342,,5.0,,,,
2016-04-06 23:55:29.014381,38.93,,,,,
2016-04-06 23:55:29.014494,,68.0,,,,
2016-04-06 23:55:29.014707,,,,23.0,,
2016-04-06 23:55:29.014901,,68.0,,,,
2016-04-06 23:55:29.415039,38.92,,,,,
2016-04-06 23:55:29.415153,,9.0,,,,
2016-04-06 23:55:29.415350,,,,14.0,,
2016-04-06 23:55:29.415536,,9.0,,,,
2016-04-06 23:55:29.638287,,,,24.0,,
2016-04-06 23:55:29.638607,,3.0,,,,
2016-04-06 23:55:29.861499,,,,13.0,,
2016-04-06 23:55:29.861817,,9.0,,,,
2016-04-06 23:55:30.084588,,,,12.0,,
2016-04-06 23:55:30.084860,,21.0,,,,
2016-04-06 23:55:30.502231,,,,6.0,,
2016-04-06 23:55:30.502580,,23.0,,,,
2016-04-06 23:55:30.802792,,,,,38.91,
2016-04-06 23:55:30.802832,,,,,,5.0
2016-04-06 23:55:30.802937,,,,,,5.0
2016-04-06 23:55:30.803086,,,38.9,,,
2016-04-06 23:55:30.803120,,,,6.0,,
2016-04-06 23:55:30.803270,38.91,,,,,
2016-04-06 23:55:30.803303,,26.0,,,,
2016-04-06 23:55:30.803407,,26.0,,,,
2016-04-06 23:55:31.206914,,,,,,3.0
2016-04-06 23:55:31.207167,,,,1.0,,
2016-04-06 23:55:31.207387,,50.0,,,,
2016-04-06 23:55:31.430192,,,,7.0,,
2016-04-06 23:55:31.430521,,33.0,,,,
2016-04-06 23:55:32.308601,,,,12.0,,
2016-04-06 23:55:32.308868,,7.0,,,,
2016-04-06 23:55:32.531825,,,,26.0,,
2016-04-06 23:55:32.532028,,2.0,,,,
2016-04-06 23:55:32.755146,38.92,,,,,
2016-04-06 23:55:32.755264,,82.0,,,,
2016-04-06 23:55:32.755542,,,,33.0,,
2016-04-06 23:55:32.755754,,82.0,,,,
2016-04-06 23:55:32.756027,38.91,,,,,
2016-04-06 23:55:32.756101,,1.0,,,,
2016-04-06 23:55:32.756373,,,,44.0,,
2016-04-06 23:55:32.756572,,1.0,,,,
2016-04-06 23:55:32.979162,,,,,,1.0
2016-04-06 23:55:32.979528,,,38.91,,,
2016-04-06 23:55:32.979611,,,,4.0,,
2016-04-06 23:55:32.980059,38.92,,,,,
2016-04-06 23:55:32.980163,,22.0,,,,
2016-04-06 23:55:32.980365,,,,4.0,,
2016-04-06 23:55:32.980563,,22.0,,,,
2016-04-06 23:55:33.201509,,,,12.0,,
2016-04-06 23:55:33.201754,,9.0,,,,
2016-04-06 23:55:33.544276,,,,19.0,,
2016-04-06 23:55:33.544598,,7.0,,,,
2016-04-06 23:55:33.767567,,,38.92,,,
2016-04-06 23:55:33.767718,,,,1.0,,
2016-04-06 23:55:33.768078,38.93,,,,,
2016-04-06 23:55:33.768160,,38.0,,,,
2016-04-06 23:55:33.768399,,,,1.0,,
2016-04-06 23:55:33.768649,,38.0,,,,
2016-04-06 23:55:33.768897,,,,20.0,,
2016-04-06 23:55:33.769132,,5.0,,,,
2016-04-06 23:55:33.990638,,,,11.0,,
2016-04-06 23:55:33.990836,,6.0,,,,
2016-04-06 23:55:33.990986,,,,5.0,,
2016-04-06 23:55:33.991140,,16.0,,,,
2016-04-06 23:55:34.947442,,,,3.0,,
2016-04-06 23:55:34.947730,,15.0,,,,
2016-04-06 23:55:35.170443,,,,6.0,,
2016-04-06 23:55:35.170584,,5.0,,,,
2016-04-06 23:55:35.394136,,,,3.0,,
2016-04-06 23:55:35.394463,,12.0,,,,
2016-04-06 23:55:35.650717,,,,,38.92,
2016-04-06 23:55:35.650831,,,,,,2.0
2016-04-06 23:55:35.651083,,,,,,2.0
2016-04-06 23:55:35.651441,,,38.91,,,
2016-04-06 23:55:35.651519,,,,27.0,,
2016-04-06 23:55:35.651861,38.92,,,,,
2016-04-06 23:55:35.651939,,4.0,,,,
2016-04-06 23:55:35.652185,,,,27.0,,
2016-04-06 23:55:35.652440,,4.0,,,,
2016-04-06 23:55:36.551159,,,,6.0,,
2016-04-06 23:55:36.551489,,19.0,,,,
2016-04-06 23:55:36.775343,,,38.9,,,
2016-04-06 23:55:36.775436,,,,63.0,,
2016-04-06 23:55:36.775688,,,,63.0,,
2016-04-06 23:55:36.775940,,38.0,,,,
2016-04-06 23:55:36.776281,,,38.91,,,
2016-04-06 23:55:36.776361,,,,1.0,,
2016-04-06 23:55:36.776587,,,,1.0,,
2016-04-06 23:55:36.776775,,36.0,,,,
2016-04-06 23:55:37.352908,,,,5.0,,
2016-04-06 23:55:37.353161,,15.0,,,,
2016-04-06 23:55:38.355169,,,38.9,,,
2016-04-06 23:55:38.355322,,,,53.0,,
2016-04-06 23:55:38.355860,,,,53.0,,
2016-04-06 23:55:38.356140,,45.0,,,,
2016-04-06 23:55:39.356897,,,,54.0,,
2016-04-06 23:55:39.357148,,47.0,,,,
2016-04-06 23:55:40.058545,38.91,,,,,
2016-04-06 23:55:40.058707,,53.0,,,,
2016-04-06 23:55:40.058967,,,,13.0,,
2016-04-06 23:55:40.059222,,53.0,,,,
2016-04-06 23:55:40.281273,,,,2.0,,
2016-04-06 23:55:40.281525,,66.0,,,,
2016-04-06 23:55:40.282227,,,,,38.9,
2016-04-06 23:55:40.282289,,,,,,1.0
2016-04-06 23:55:40.282470,,,,,,1.0
2016-04-06 23:55:40.282865,,,38.89,,,
2016-04-06 23:55:40.282949,,,,53.0,,
2016-04-06 23:55:40.283141,,,,53.0,,
2016-04-06 23:55:40.283333,,69.0,,,,
2016-04-06 23:55:40.504484,,,38.9,,,
2016-04-06 23:55:40.504635,,,,2.0,,
2016-04-06 23:55:40.504883,,,,2.0,,
2016-04-06 23:55:40.505134,,35.0,,,,
2016-04-06 23:55:40.505375,,,,5.0,,
2016-04-06 23:55:40.505626,,17.0,,,,
2016-04-06 23:55:41.161971,,,38.89,,,
2016-04-06 23:55:41.162062,,,,46.0,,
2016-04-06 23:55:41.162312,,,,46.0,,
2016-04-06 23:55:41.162596,,46.0,,,,
2016-04-06 23:55:41.462205,,,,57.0,,
2016-04-06 23:55:41.462406,,42.0,,,,
2016-04-06 23:55:42.063054,,,38.9,,,
2016-04-06 23:55:42.063166,,,,1.0,,
2016-04-06 23:55:42.063355,,,,1.0,,
2016-04-06 23:55:42.063546,,44.0,,,,
2016-04-06 23:55:42.586998,,,,2.0,,
2016-04-06 23:55:42.587263,,29.0,,,,
2016-04-06 23:55:42.587790,,,,1.0,,
2016-04-06 23:55:42.588033,,33.0,,,,
2016-04-06 23:55:43.467116,,,,,38.91,
2016-04-06 23:55:43.467178,,,,,,1.0
2016-04-06 23:55:43.689090,,,,6.0,,
2016-04-06 23:55:43.689419,,11.0,,,,
2016-04-06 23:55:43.689679,,,,14.0,,
2016-04-06 23:55:43.689926,,7.0,,,,
2016-04-06 23:55:43.912416,38.92,,,,,
2016-04-06 23:55:43.912569,,62.0,,,,
2016-04-06 23:55:43.912829,,,,37.0,,
2016-04-06 23:55:43.913089,,62.0,,,,
2016-04-06 23:55:44.135716,,,38.91,,,
2016-04-06 23:55:44.135869,,,,3.0,,
2016-04-06 23:55:44.136141,,,,3.0,,
2016-04-06 23:55:44.136473,,49.0,,,,
2016-04-06 23:55:44.358882,,,,11.0,,
2016-04-06 23:55:44.359243,,41.0,,,,
2016-04-06 23:55:44.581178,,,,14.0,,
2016-04-06 23:55:44.581356,,21.0,,,,
2016-04-06 23:55:44.804786,,,,18.0,,
2016-04-06 23:55:44.805097,,8.0,,,,
2016-04-06 23:55:44.805355,,,,17.0,,
2016-04-06 23:55:44.805608,,16.0,,,,
2016-04-06 23:55:45.027481,,,,27.0,,
2016-04-06 23:55:45.027796,,2.0,,,,
2016-04-06 23:55:45.028163,38.93,,,,,
2016-04-06 23:55:45.028245,,79.0,,,,
2016-04-06 23:55:45.028492,,,,29.0,,
2016-04-06 23:55:45.028735,,79.0,,,,
2016-04-06 23:55:45.370913,,,38.92,,,
2016-04-06 23:55:45.371062,,,,1.0,,
2016-04-06 23:55:45.371310,,,,1.0,,
2016-04-06 23:55:45.371566,,71.0,,,,
2016-04-06 23:55:45.594289,,,38.91,,,
2016-04-06 23:55:45.594442,,,,37.0,,
2016-04-06 23:55:45.594701,,,,37.0,,
2016-04-06 23:55:45.594953,,68.0,,,,
2016-04-06 23:55:45.871743,,,38.92,,,
2016-04-06 23:55:45.871856,,,,4.0,,
2016-04-06 23:55:45.872045,,,,4.0,,
2016-04-06 23:55:45.872264,,54.0,,,,
2016-04-06 23:55:46.095282,,,,15.0,,
2016-04-06 23:55:46.095611,,53.0,,,,
2016-04-06 23:55:46.373384,,,,19.0,,
2016-04-06 23:55:46.373806,,2.0,,,,
2016-04-06 23:55:46.596633,,,,,38.93,
2016-04-06 23:55:46.596727,,,,,,1.0
2016-04-06 23:55:46.596927,,17.0,,,,
2016-04-06 23:55:46.597191,,,,17.0,,
2016-04-06 23:55:46.597476,,13.0,,,,
2016-04-06 23:55:46.818991,,,,14.0,,
2016-04-06 23:55:46.819355,,20.0,,,,
2016-04-06 23:55:47.375278,,,,15.0,,
2016-04-06 23:55:47.375414,,14.0,,,,
2016-04-06 23:55:47.598634,,,,18.0,,
2016-04-06 23:55:47.598951,,6.0,,,,
2016-04-06 23:55:47.599211,,,,24.0,,
2016-04-06 23:55:47.599456,,2.0,,,,
2016-04-06 23:55:47.821718,,,,23.0,,
2016-04-06 23:55:48.045062,38.94,,,,,
2016-04-06 23:55:48.045212,,89.0,,,,
2016-04-06 23:55:48.045469,,,,31.0,,
2016-04-06 23:55:48.045727,,89.0,,,,
2016-04-06 23:55:48.780174,,,38.93,,,
2016-04-06 23:55:48.780371,,,,1.0,,
2016-04-06 23:55:48.780730,,,,1.0,,
2016-04-06 23:55:48.781272,,82.0,,,,
2016-04-06 23:55:49.002127,,,,4.0,,
2016-04-06 23:55:49.002458,,41.0,,,,
2016-04-06 23:55:49.225577,,,,16.0,,
2016-04-06 23:55:49.225894,,3.0,,,,
2016-04-06 23:55:49.226144,,,,6.0,,
2016-04-06 23:55:49.226401,,2.0,,,,
2016-04-06 23:55:49.448642,,,,8.0,,
2016-04-06 23:55:49.449610,,,,,,2.0
2016-04-06 23:55:49.449858,,,,5.0,,
2016-04-06 23:55:49.450111,,16.0,,,,
2016-04-06 23:55:49.671786,,,,13.0,,
2016-04-06 23:55:49.672106,,3.0,,,,
2016-04-06 23:55:49.672753,,,,,38.94,
2016-04-06 23:55:49.672834,,,,,,1.0
2016-04-06 23:55:49.673071,,,,,,1.0
2016-04-06 23:55:49.673327,,,,18.0,,
2016-04-06 23:55:49.673569,,2.0,,,,
2016-04-06 23:55:49.894830,38.95,,,,,
2016-04-06 23:55:49.894982,,72.0,,,,
2016-04-06 23:55:49.895238,,,,24.0,,
2016-04-06 23:55:49.895502,,72.0,,,,
2016-04-06 23:55:50.118301,,,,,38.92,
2016-04-06 23:55:50.118393,,,,,,4.0
2016-04-06 23:55:50.118634,,,,,,4.0
2016-04-06 23:55:50.118985,38.94,,,,,
2016-04-06 23:55:50.119065,,23.0,,,,
2016-04-06 23:55:50.119302,,,,1.0,,
2016-04-06 23:55:50.119546,,23.0,,,,
2016-04-06 23:55:50.120011,,,,,38.93,
2016-04-06 23:55:50.120069,,,,,,1.0
2016-04-06 23:55:50.120244,,,,,,1.0
2016-04-06 23:55:50.120503,,,38.92,,,
2016-04-06 23:55:50.120561,,,,50.0,,
2016-04-06 23:55:50.120744,,,,50.0,,
2016-04-06 23:55:50.120929,,35.0,,,,
2016-04-06 23:55:50.341247,,,38.93,,,
2016-04-06 23:55:50.341397,,,,1.0,,
2016-04-06 23:55:50.341646,,,,1.0,,
2016-04-06 23:55:50.684807,,,38.92,,,
2016-04-06 23:55:50.684970,,,,33.0,,
2016-04-06 23:55:50.685335,38.93,,,,,
2016-04-06 23:55:50.685417,,2.0,,,,
2016-04-06 23:55:50.685668,,,,33.0,,
2016-04-06 23:55:50.685912,,2.0,,,,
2016-04-06 23:55:50.907761,38.94,,,,,
2016-04-06 23:55:50.907911,,50.0,,,,
2016-04-06 23:55:50.908172,,,,26.0,,
2016-04-06 23:55:50.908430,,50.0,,,,
2016-04-06 23:55:50.908773,,,38.93,,,
2016-04-06 23:55:50.908852,,,,3.0,,
2016-04-06 23:55:50.909087,,,,3.0,,
2016-04-06 23:55:50.909344,,32.0,,,,
2016-04-06 23:55:51.131527,,,,,,4.0
2016-04-06 23:55:51.887337,,,,6.0,,
2016-04-06 23:55:51.887669,,25.0,,,,
2016-04-06 23:55:52.789496,,,38.92,,,
2016-04-06 23:55:52.789646,,,,44.0,,
2016-04-06 23:55:52.789904,,,,44.0,,
2016-04-06 23:55:52.790159,,37.0,,,,
2016-04-06 23:55:53.012732,38.93,,,,,
2016-04-06 23:55:53.012849,,1.0,,,,
2016-04-06 23:55:53.013049,,,,40.0,,
2016-04-06 23:55:53.013235,,1.0,,,,
2016-04-06 23:55:53.013505,,,38.91,,,
2016-04-06 23:55:53.013565,,,,61.0,,
2016-04-06 23:55:53.013752,,,,61.0,,
2016-04-06 23:55:53.013942,,17.0,,,,
2016-04-06 23:55:53.236181,38.92,,,,,
2016-04-06 23:55:53.236334,,1.0,,,,
2016-04-06 23:55:53.236625,,,,56.0,,
2016-04-06 23:55:53.236849,,1.0,,,,
2016-04-06 23:55:53.459699,,,,,38.92,
2016-04-06 23:55:53.459770,,,,,,1.0
2016-04-06 23:55:53.460112,,,,,,1.0
2016-04-06 23:55:53.460383,,,,5.0,,
2016-04-06 23:55:53.460581,,19.0,,,,
2016-04-06 23:55:53.692203,,,,1.0,,
2016-04-06 23:55:54.393467,,,38.9,,,
2016-04-06 23:55:54.393615,,,,57.0,,
2016-04-06 23:55:54.393873,,,,57.0,,
2016-04-06 23:55:54.394129,,32.0,,,,
2016-04-06 23:55:54.616258,,,38.91,,,
2016-04-06 23:55:54.616335,,,,2.0,,
2016-04-06 23:55:54.616434,,,,2.0,,
2016-04-06 23:55:54.616536,,35.0,,,,
2016-04-06 23:55:54.838982,,,,8.0,,
2016-04-06 23:55:54.839311,,25.0,,,,
2016-04-06 23:55:55.796623,,,,14.0,,
2016-04-06 23:55:55.796954,,27.0,,,,
2016-04-06 23:55:56.598325,,,,,,2.0
2016-04-06 23:55:56.598598,,,38.92,,,
2016-04-06 23:55:56.598641,,,,2.0,,
2016-04-06 23:55:56.598794,38.93,,,,,
2016-04-06 23:55:56.598830,,63.0,,,,
2016-04-06 23:55:56.598965,,,,2.0,,
2016-04-06 23:55:56.599162,,63.0,,,,
2016-04-06 23:55:57.300062,,,38.91,,,
2016-04-06 23:55:57.300208,,,,36.0,,
2016-04-06 23:55:57.300559,38.92,,,,,
2016-04-06 23:55:57.300642,,2.0,,,,
2016-04-06 23:55:57.300909,,,,36.0,,
2016-04-06 23:55:57.301094,,2.0,,,,
2016-04-06 23:55:57.523469,,,,13.0,,
2016-04-06 23:55:57.523788,,4.0,,,,
2016-04-06 23:55:57.747337,,,,,,5.0
2016-04-06 23:55:57.747601,,,,10.0,,
2016-04-06 23:55:57.747855,,19.0,,,,
2016-04-06 23:55:57.969255,,,,3.0,,
2016-04-06 23:55:57.969588,,29.0,,,,
2016-04-06 23:55:58.603889,,,,,,3.0
2016-04-06 23:55:58.604264,,,38.9,,,
2016-04-06 23:55:58.604348,,,,30.0,,
2016-04-06 23:55:58.604598,,,,30.0,,
2016-04-06 23:55:58.604849,,44.0,,,,
2016-04-06 23:55:58.825694,,,,32.0,,
2016-04-06 23:55:58.825848,,43.0,,,,
2016-04-06 23:55:59.203861,,,38.91,,,
2016-04-06 23:55:59.203980,,,,1.0,,
2016-04-06 23:55:59.204169,,,,1.0,,
2016-04-06 23:55:59.204361,,39.0,,,,
2016-04-06 23:55:59.806200,,,,,38.9,
2016-04-06 23:55:59.806270,,,,,,1.0
2016-04-06 23:55:59.806454,,,,,,1.0
2016-04-06 23:55:59.806720,,,38.9,,,
2016-04-06 23:55:59.806780,,,,52.0,,
2016-04-06 23:55:59.807033,38.91,,,,,
2016-04-06 23:55:59.807092,,4.0,,,,
2016-04-06 23:55:59.807276,,,,52.0,,
2016-04-06 23:55:59.807456,,4.0,,,,
2016-04-06 23:56:00.252526,,,,,38.91,
2016-04-06 23:56:00.252619,,,,,,1.0
2016-04-06 23:56:00.252975,38.92,,,,,
2016-04-06 23:56:00.253057,,43.0,,,,
2016-04-06 23:56:00.253331,,,,31.0,,
2016-04-06 23:56:00.253525,,43.0,,,,
2016-04-06 23:56:00.253917,,,,,,4.0
2016-04-06 23:56:00.254172,38.91,,,,,
2016-04-06 23:56:00.254229,,1.0,,,,
2016-04-06 23:56:00.254416,,,,43.0,,
2016-04-06 23:56:00.254598,,1.0,,,,
2016-04-06 23:56:00.475539,,,,,,1.0
2016-04-06 23:56:00.707977,,,,,,5.0
2016-04-06 23:56:00.931081,,,,,,1.0
2016-04-06 23:56:01.154446,,,,15.0,,
2016-04-06 23:56:01.154765,,6.0,,,,
2016-04-06 23:56:01.155026,,,,25.0,,
2016-04-06 23:56:01.155276,,2.0,,,,
2016-04-06 23:56:01.377694,,,,26.0,,
2016-04-06 23:56:01.378640,,,,,,6.0
2016-04-06 23:56:01.600870,,,,,,1.0
2016-04-06 23:56:01.601137,,,,11.0,,
2016-04-06 23:56:01.601382,,5.0,,,,
2016-04-06 23:56:01.823971,,,38.91,,,
2016-04-06 23:56:01.824120,,,,9.0,,
2016-04-06 23:56:01.824589,38.92,,,,,
2016-04-06 23:56:01.824702,,15.0,,,,
2016-04-06 23:56:01.824947,,,,9.0,,
2016-04-06 23:56:01.825226,,15.0,,,,
2016-04-06 23:56:01.825416,,,,20.0,,
2016-04-06 23:56:01.825620,,5.0,,,,
2016-04-06 23:56:02.412058,,,,,,9.0
2016-04-06 23:56:02.636359,,,,,38.92,
2016-04-06 23:56:02.636453,,,,,,5.0
2016-04-06 23:56:02.636700,,,,,,5.0
2016-04-06 23:56:02.637052,,,38.92,,,
2016-04-06 23:56:02.637138,,,,21.0,,
2016-04-06 23:56:02.637478,38.93,,,,,
2016-04-06 23:56:02.637540,,7.0,,,,
2016-04-06 23:56:02.637725,,,,21.0,,
2016-04-06 23:56:02.637907,,7.0,,,,
2016-04-06 23:56:02.859290,,,,,38.93,
2016-04-06 23:56:02.859384,,,,,,1.0
2016-04-06 23:56:02.859630,,,,,,1.0
2016-04-06 23:56:02.859975,,,38.93,,,
2016-04-06 23:56:02.860056,,,,3.0,,
2016-04-06 23:56:02.860402,38.94,,,,,
2016-04-06 23:56:02.860486,,45.0,,,,
2016-04-06 23:56:02.860722,,,,3.0,,
2016-04-06 23:56:02.860974,,45.0,,,,
2016-04-06 23:56:02.861221,,,,2.0,,
2016-04-06 23:56:02.861409,,42.0,,,,
2016-04-06 23:56:03.815487,,,,3.0,,
2016-04-06 23:56:03.815915,,36.0,,,,
2016-04-06 23:56:04.817494,,,,2.0,,
2016-04-06 23:56:04.817824,,39.0,,,,
2016-04-06 23:56:05.041626,,,38.92,,,
2016-04-06 23:56:05.041718,,,,59.0,,
2016-04-06 23:56:05.041970,,,,59.0,,
2016-04-06 23:56:05.042225,,46.0,,,,
2016-04-06 23:56:05.264352,,,,,,2.0
2016-04-06 23:56:05.264716,,,,49.0,,
2016-04-06 23:56:05.265089,,,38.93,,,
2016-04-06 23:56:05.265185,,,,5.0,,
2016-04-06 23:56:05.265427,,,,5.0,,
2016-04-06 23:56:05.265744,,27.0,,,,
2016-04-06 23:56:05.519284,,10.0,,,,
2016-04-06 23:56:05.743369,,,,,38.94,
2016-04-06 23:56:05.743463,,,,,,6.0
2016-04-06 23:56:05.743705,,,,,,6.0
2016-04-06 23:56:05.743957,,,,22.0,,
2016-04-06 23:56:05.744198,,5.0,,,,
2016-04-06 23:56:05.744495,38.95,,,,,
2016-04-06 23:56:05.744555,,79.0,,,,
2016-04-06 23:56:05.744740,,79.0,,,,
2016-04-06 23:56:05.995106,,,,47.0,,
2016-04-06 23:56:06.217790,,,,46.0,,
2016-04-06 23:56:06.217934,,80.0,,,,
2016-04-06 23:56:06.596400,,,,,,2.0
2016-04-06 23:56:06.819411,,,38.94,,,
2016-04-06 23:56:06.819561,,,,1.0,,
2016-04-06 23:56:06.819851,,,,1.0,,
2016-04-06 23:56:07.042169,,81.0,,,,
2016-04-06 23:56:07.265389,,,38.93,,,
2016-04-06 23:56:07.265506,,,,40.0,,
2016-04-06 23:56:07.265768,38.94,,,,,
2016-04-06 23:56:07.265829,,1.0,,,,
2016-04-06 23:56:07.266013,,,,40.0,,
2016-04-06 23:56:07.266194,,1.0,,,,
2016-04-06 23:56:07.266458,,,38.94,,,
2016-04-06 23:56:07.266516,,,,15.0,,
2016-04-06 23:56:07.266816,38.95,,,,,
2016-04-06 23:56:07.266886,,6.0,,,,
2016-04-06 23:56:07.267100,,,,15.0,,
2016-04-06 23:56:07.267283,,6.0,,,,
2016-04-06 23:56:07.489156,,,,,,9.0
2016-04-06 23:56:07.489422,,,,10.0,,
2016-04-06 23:56:07.711433,,,,18.0,,
2016-04-06 23:56:07.711684,,5.0,,,,
2016-04-06 23:56:07.712171,,,,,38.95,
2016-04-06 23:56:07.712232,,,,,,1.0
2016-04-06 23:56:07.712411,,,,,,1.0
2016-04-06 23:56:07.934684,,,,22.0,,
2016-04-06 23:56:07.935024,,1.0,,,,
2016-04-06 23:56:08.158376,,,38.95,,,
2016-04-06 23:56:08.158493,,,,2.0,,
2016-04-06 23:56:08.158769,38.96,,,,,
2016-04-06 23:56:08.158833,,106.0,,,,
2016-04-06 23:56:08.159012,,,,2.0,,
2016-04-06 23:56:08.159208,,106.0,,,,
2016-04-06 23:56:08.400633,,,38.94,,,
2016-04-06 23:56:08.400784,,,,48.0,,
2016-04-06 23:56:08.401040,,,,48.0,,
2016-04-06 23:56:08.401304,,105.0,,,,
2016-04-06 23:56:08.623672,,,,,,2.0
2016-04-06 23:56:08.624055,38.95,,,,,
2016-04-06 23:56:08.624140,,4.0,,,,
2016-04-06 23:56:08.624389,,,,11.0,,
2016-04-06 23:56:08.624628,,4.0,,,,
2016-04-06 23:56:08.846656,,,,16.0,,
2016-04-06 23:56:08.846979,,2.0,,,,
2016-04-06 23:56:09.302245,38.96,,,,,
2016-04-06 23:56:09.302396,,108.0,,,,
2016-04-06 23:56:09.302656,,,,29.0,,
2016-04-06 23:56:09.302920,,108.0,,,,
2016-04-06 23:56:09.603654,,,,,,1.0
2016-04-06 23:56:10.204639,38.95,,,,,
2016-04-06 23:56:10.204795,,13.0,,,,
2016-04-06 23:56:10.205045,,,,5.0,,
2016-04-06 23:56:10.205301,,13.0,,,,
2016-04-06 23:56:10.428436,,,,,38.94,
2016-04-06 23:56:10.428543,,,,,,3.0
2016-04-06 23:56:10.428744,,,,,,3.0
2016-04-06 23:56:10.429011,,,38.93,,,
2016-04-06 23:56:10.429071,,,,24.0,,
2016-04-06 23:56:10.429256,,,,24.0,,
2016-04-06 23:56:10.429442,,58.0,,,,
2016-04-06 23:56:10.429698,38.94,,,,,
2016-04-06 23:56:10.429756,,1.0,,,,
2016-04-06 23:56:10.429935,,1.0,,,,
2016-04-06 23:56:10.705947,,,,17.0,,
2016-04-06 23:56:10.706267,,4.0,,,,
2016-04-06 23:56:11.107356,38.95,,,,,
2016-04-06 23:56:11.107506,,60.0,,,,
2016-04-06 23:56:11.107764,,,,25.0,,
2016-04-06 23:56:11.108019,,60.0,,,,
2016-04-06 23:56:11.330640,,,,,,2.0
2016-04-06 23:56:11.553862,38.94,,,,,
2016-04-06 23:56:11.554026,,1.0,,,,
2016-04-06 23:56:11.554293,,,,20.0,,
2016-04-06 23:56:11.554541,,1.0,,,,
2016-04-06 23:56:11.554898,,,38.92,,,
2016-04-06 23:56:11.554977,,,,86.0,,
2016-04-06 23:56:11.555223,,,,86.0,,
2016-04-06 23:56:11.555479,,46.0,,,,
2016-04-06 23:56:12.009988,38.93,,,,,
2016-04-06 23:56:12.010139,,3.0,,,,
2016-04-06 23:56:12.010397,,,,45.0,,
2016-04-06 23:56:12.010642,,3.0,,,,
2016-04-06 23:56:12.410951,,,,20.0,,
2016-04-06 23:56:12.411289,,5.0,,,,
2016-04-06 23:56:12.912599,,,,9.0,,
2016-04-06 23:56:12.912916,,6.0,,,,
2016-04-06 23:56:13.135566,,,,19.0,,
2016-04-06 23:56:13.514122,38.94,,,,,
2016-04-06 23:56:13.514274,,55.0,,,,
2016-04-06 23:56:13.514535,,,,32.0,,
2016-04-06 23:56:13.514792,,55.0,,,,
2016-04-06 23:56:14.516803,,,,40.0,,
2016-04-06 23:56:14.517134,,52.0,,,,
2016-04-06 23:56:14.740159,38.93,,,,,
2016-04-06 23:56:14.740310,,4.0,,,,
2016-04-06 23:56:14.740560,,4.0,,,,
2016-04-06 23:56:15.619679,,,,48.0,,
2016-04-06 23:56:15.921371,,,,,38.92,
2016-04-06 23:56:15.921464,,,,,,1.0
2016-04-06 23:56:15.921706,,,,,,1.0
2016-04-06 23:56:15.921949,,,,6.0,,
2016-04-06 23:56:15.922201,,23.0,,,,
2016-04-06 23:56:16.143286,,,,14.0,,
2016-04-06 23:56:16.143617,,11.0,,,,
2016-04-06 23:56:16.822540,,,,27.0,,
2016-04-06 23:56:16.822859,,9.0,,,,
2016-04-06 23:56:17.123586,,,,9.0,,
2016-04-06 23:56:17.123914,,40.0,,,,
2016-04-06 23:56:17.346603,,,,7.0,,
2016-04-06 23:56:17.346941,,9.0,,,,
2016-04-06 23:56:17.347204,,20.0,,,,
2016-04-06 23:56:17.569898,,9.0,,,,
2016-04-06 23:56:17.570442,,33.0,,,,
2016-04-06 23:56:18.427741,,,,,,2.0
2016-04-06 23:56:18.650733,,,38.91,,,
2016-04-06 23:56:18.650880,,,,19.0,,
2016-04-06 23:56:18.651139,,,,19.0,,
2016-04-06 23:56:18.651394,,59.0,,,,
2016-04-06 23:56:18.651740,38.92,,,,,
2016-04-06 23:56:18.651818,,2.0,,,,
2016-04-06 23:56:18.652062,,,,12.0,,
2016-04-06 23:56:18.652302,,2.0,,,,
2016-04-06 23:56:18.873831,38.93,,,,,
2016-04-06 23:56:18.873985,,58.0,,,,
2016-04-06 23:56:18.874248,,,,15.0,,
2016-04-06 23:56:18.874506,,58.0,,,,
2016-04-06 23:56:19.096457,38.92,,,,,
2016-04-06 23:56:19.096606,,1.0,,,,
2016-04-06 23:56:19.096864,,,,16.0,,
2016-04-06 23:56:19.097123,,1.0,,,,
2016-04-06 23:56:19.319273,38.93,,,,,
2016-04-06 23:56:19.319409,,53.0,,,,
2016-04-06 23:56:19.319662,,,,21.0,,
2016-04-06 23:56:19.319900,,53.0,,,,
2016-04-06 23:56:19.542970,,,,,,7.0
2016-04-06 23:56:20.131809,,,,23.0,,
2016-04-06 23:56:20.633644,,,,,38.93,
2016-04-06 23:56:20.633713,,,,,,1.0
2016-04-06 23:56:20.633893,,,,,,1.0
2016-04-06 23:56:20.634149,,,38.92,,,
2016-04-06 23:56:20.634209,,,,1.0,,
2016-04-06 23:56:20.634385,,,,1.0,,
2016-04-06 23:56:20.634572,,52.0,,,,
2016-04-06 23:56:21.635582,,,,4.0,,
2016-04-06 23:56:21.635909,,27.0,,,,
2016-04-06 23:56:22.637814,,,,6.0,,
2016-04-06 23:56:22.638147,,21.0,,,,
2016-04-06 23:56:23.640075,,,,5.0,,
2016-04-06 23:56:23.640407,,26.0,,,,
2016-04-06 23:56:24.242596,,,,,38.92,
2016-04-06 23:56:24.242666,,,,,,1.0
2016-04-06 23:56:24.643014,,,,4.0,,
2016-04-06 23:56:24.643344,,28.0,,,,
2016-04-06 23:56:25.690641,,,,1.0,,
2016-04-06 23:56:25.690967,,38.0,,,,
2016-04-06 23:56:25.914497,,,38.91,,,
2016-04-06 23:56:25.914642,,,,21.0,,
2016-04-06 23:56:25.915002,38.92,,,,,
2016-04-06 23:56:25.915084,,1.0,,,,
2016-04-06 23:56:25.915334,,,,21.0,,
2016-04-06 23:56:25.915560,,1.0,,,,
2016-04-06 23:56:26.147399,38.93,,,,,
2016-04-06 23:56:26.147549,,51.0,,,,
2016-04-06 23:56:26.147824,,,,16.0,,
2016-04-06 23:56:26.148086,,51.0,,,,
2016-04-06 23:56:26.370871,,,,,,7.0
2016-04-06 23:56:26.371085,,,,27.0,,
2016-04-06 23:56:26.371278,,48.0,,,,
2016-04-06 23:56:26.648663,,,,22.0,,
2016-04-06 23:56:26.648992,,49.0,,,,
2016-04-06 23:56:26.872403,,,38.92,,,
2016-04-06 23:56:26.872552,,,,4.0,,
2016-04-06 23:56:26.872803,,,,4.0,,
2016-04-06 23:56:26.873358,,42.0,,,,
2016-04-06 23:56:27.150018,,,38.91,,,
2016-04-06 23:56:27.150169,,,,36.0,,
2016-04-06 23:56:27.150429,,,,36.0,,
2016-04-06 23:56:27.150682,,45.0,,,,
2016-04-06 23:56:28.152132,,,,27.0,,
2016-04-06 23:56:28.152383,,59.0,,,,
2016-04-06 23:56:28.375895,38.92,,,,,
2016-04-06 23:56:28.376047,,2.0,,,,
2016-04-06 23:56:28.376320,,,,26.0,,
2016-04-06 23:56:28.376573,,2.0,,,,
2016-04-06 23:56:28.377340,,,,,,1.0
2016-04-06 23:56:28.377608,38.93,,,,,
2016-04-06 23:56:28.377666,,62.0,,,,
2016-04-06 23:56:28.377851,,,,23.0,,
2016-04-06 23:56:28.378037,,62.0,,,,
2016-04-06 23:56:28.753598,38.92,,,,,
2016-04-06 23:56:28.753789,,1.0,,,,
2016-04-06 23:56:28.754011,,,,19.0,,
2016-04-06 23:56:28.754216,,1.0,,,,
2016-04-06 23:56:28.976905,,,,3.0,,
2016-04-06 23:56:28.977237,,26.0,,,,
2016-04-06 23:56:29.200340,,,,,38.91,
2016-04-06 23:56:29.200431,,,,,,1.0
2016-04-06 23:56:29.200785,,,38.9,,,
2016-04-06 23:56:29.200867,,,,51.0,,
2016-04-06 23:56:29.201116,,,,51.0,,
2016-04-06 23:56:29.201369,,57.0,,,,
2016-04-06 23:56:30.056861,,56.0,,,,
2016-04-06 23:56:30.279813,,,38.91,,,
2016-04-06 23:56:30.279929,,,,6.0,,
2016-04-06 23:56:30.280117,,,,6.0,,
2016-04-06 23:56:30.280309,,30.0,,,,
2016-04-06 23:56:31.259233,,,,5.0,,
2016-04-06 23:56:31.259553,,26.0,,,,
2016-04-06 23:56:31.660817,,,,7.0,,
2016-04-06 23:56:31.661155,,8.0,,,,
2016-04-06 23:56:31.885332,,,,,38.92,
2016-04-06 23:56:31.885424,,,,,,4.0
2016-04-06 23:56:31.885666,,,,,,4.0
2016-04-06 23:56:31.886015,38.93,,,,,
2016-04-06 23:56:31.886094,,51.0,,,,
2016-04-06 23:56:31.886339,,,,24.0,,
2016-04-06 23:56:31.886588,,51.0,,,,
2016-04-06 23:56:32.162214,,,,42.0,,
2016-04-06 23:56:32.162545,,47.0,,,,
2016-04-06 23:56:32.385347,,,38.92,,,
2016-04-06 23:56:32.385498,,,,1.0,,
2016-04-06 23:56:32.385746,,,,1.0,,
2016-04-06 23:56:32.386002,,46.0,,,,
2016-04-06 23:56:32.886688,,,,,,1.0
2016-04-06 23:56:32.887154,,,38.91,,,
2016-04-06 23:56:32.887244,,,,43.0,,
2016-04-06 23:56:32.887497,,,,43.0,,
2016-04-06 23:56:33.465216,,,38.92,,,
2016-04-06 23:56:33.465334,,,,4.0,,
2016-04-06 23:56:33.465521,,,,4.0,,
2016-04-06 23:56:33.465713,,21.0,,,,
2016-04-06 23:56:34.468324,,31.0,,,,
2016-04-06 23:56:35.471234,,,,2.0,,
2016-04-06 23:56:35.471448,,43.0,,,,
2016-04-06 23:56:35.972996,,,,6.0,,
2016-04-06 23:56:35.973332,,19.0,,,,
2016-04-06 23:56:36.775595,,,,,38.93,
2016-04-06 23:56:36.775687,,,,,,1.0
2016-04-06 23:56:36.776163,38.94,,,,,
2016-04-06 23:56:36.776362,,63.0,,,,
2016-04-06 23:56:36.776658,,,,37.0,,
2016-04-06 23:56:36.776915,,63.0,,,,
2016-04-06 23:56:36.997898,,,38.93,,,
2016-04-06 23:56:36.998014,,,,2.0,,
2016-04-06 23:56:36.998202,,,,2.0,,
2016-04-06 23:56:36.998441,,48.0,,,,
2016-04-06 23:56:37.777227,,,,1.0,,
2016-04-06 23:56:37.777384,,52.0,,,,
2016-04-06 23:56:38.179059,,,,,,10.0
2016-04-06 23:56:38.179435,,,38.92,,,
2016-04-06 23:56:38.179520,,,,49.0,,
2016-04-06 23:56:38.179768,,,,49.0,,
2016-04-06 23:56:38.180025,,49.0,,,,
2016-04-06 23:56:38.402035,,,38.93,,,
2016-04-06 23:56:38.402178,,,,1.0,,
2016-04-06 23:56:38.402430,,,,1.0,,
2016-04-06 23:56:38.402704,,50.0,,,,
2016-04-06 23:56:39.280347,,,,2.0,,
2016-04-06 23:56:40.283166,,,,1.0,,
2016-04-06 23:56:40.283494,,51.0,,,,
2016-04-06 23:56:41.085639,,,,,,1.0
2016-04-06 23:56:41.086013,,,38.92,,,
2016-04-06 23:56:41.086099,,,,33.0,,
2016-04-06 23:56:41.086600,38.93,,,,,
2016-04-06 23:56:41.086692,,1.0,,,,
2016-04-06 23:56:41.086943,,,,33.0,,
2016-04-06 23:56:41.087184,,1.0,,,,
2016-04-06 23:56:41.587052,38.94,,,,,
2016-04-06 23:56:41.587203,,62.0,,,,
2016-04-06 23:56:41.587459,,,,29.0,,
2016-04-06 23:56:41.587714,,62.0,,,,
2016-04-06 23:56:41.810357,,,38.93,,,
2016-04-06 23:56:41.810513,,,,1.0,,
2016-04-06 23:56:41.810761,,,,1.0,,
2016-04-06 23:56:41.811014,,54.0,,,,
2016-04-06 23:56:42.689671,,53.0,,,,
2016-04-06 23:56:43.692468,,51.0,,,,
2016-04-06 23:56:44.093193,,,,13.0,,
2016-04-06 23:56:44.093517,,6.0,,,,
2016-04-06 23:56:44.316352,,,,5.0,,
2016-04-06 23:56:44.316683,,26.0,,,,
2016-04-06 23:56:45.096104,,,,1.0,,
2016-04-06 23:56:45.096431,,39.0,,,,
2016-04-06 23:56:46.098431,,,,2.0,,
2016-04-06 23:56:46.098758,,40.0,,,,
2016-04-06 23:56:46.600169,,,,,,2.0
2016-04-06 23:56:46.600583,,,38.92,,,
2016-04-06 23:56:46.600670,,,,25.0,,
2016-04-06 23:56:46.601008,38.93,,,,,
2016-04-06 23:56:46.601106,,3.0,,,,
2016-04-06 23:56:46.601315,,,,25.0,,
2016-04-06 23:56:46.601494,,3.0,,,,
2016-04-06 23:56:47.000932,,,,2.0,,
2016-04-06 23:56:47.001261,,17.0,,,,
2016-04-06 23:56:47.224152,,,38.91,,,
2016-04-06 23:56:47.224296,,,,54.0,,
2016-04-06 23:56:47.224556,,,,54.0,,
2016-04-06 23:56:47.224812,,24.0,,,,
2016-04-06 23:56:47.502069,,,38.92,,,
2016-04-06 23:56:47.502183,,,,1.0,,
2016-04-06 23:56:47.502386,,,,1.0,,
2016-04-06 23:56:47.502553,,28.0,,,,
2016-04-06 23:56:47.803511,,,,39.0,,
2016-04-06 23:56:47.803829,,2.0,,,,
2016-04-06 23:56:48.026824,,,38.93,,,
2016-04-06 23:56:48.026970,,,,33.0,,
2016-04-06 23:56:48.027324,38.94,,,,,
2016-04-06 23:56:48.027406,,5.0,,,,
2016-04-06 23:56:48.027655,,,,33.0,,
2016-04-06 23:56:48.027898,,5.0,,,,
2016-04-06 23:56:48.304583,,,38.92,,,
2016-04-06 23:56:48.304747,,,,46.0,,
2016-04-06 23:56:48.304987,,,,46.0,,
2016-04-06 23:56:48.305152,,19.0,,,,
2016-04-06 23:56:48.527704,,,38.93,,,
2016-04-06 23:56:48.527820,,,,1.0,,
2016-04-06 23:56:48.528007,,,,1.0,,
2016-04-06 23:56:48.528197,,32.0,,,,
2016-04-06 23:56:49.508173,,,38.92,,,
2016-04-06 23:56:49.508319,,,,47.0,,
2016-04-06 23:56:49.508579,,,,47.0,,
2016-04-06 23:56:49.508833,,34.0,,,,
2016-04-06 23:56:50.309626,,,38.93,,,
2016-04-06 23:56:50.309744,,,,1.0,,
2016-04-06 23:56:50.310000,,,,1.0,,
2016-04-06 23:56:50.310205,,41.0,,,,
2016-04-06 23:56:50.711539,,,38.92,,,
2016-04-06 23:56:50.711629,,,,34.0,,
2016-04-06 23:56:50.711877,,,,34.0,,
2016-04-06 23:56:50.712133,,50.0,,,,
2016-04-06 23:56:50.933999,,,38.93,,,
2016-04-06 23:56:50.934151,,,,1.0,,
2016-04-06 23:56:50.934401,,,,1.0,,
2016-04-06 23:56:50.934655,,40.0,,,,
2016-04-06 23:56:51.513894,,47.0,,,,
2016-04-06 23:56:51.736682,,,38.92,,,
2016-04-06 23:56:51.736831,,,,39.0,,
2016-04-06 23:56:51.737091,,,,39.0,,
2016-04-06 23:56:51.737347,,46.0,,,,
2016-04-06 23:56:52.115278,,,38.93,,,
2016-04-06 23:56:52.115348,,,,1.0,,
2016-04-06 23:56:52.115529,,,,1.0,,
2016-04-06 23:56:52.115719,,43.0,,,,
2016-04-06 23:56:52.416303,,,,,38.94,
2016-04-06 23:56:52.416372,,,,,,3.0
2016-04-06 23:56:52.416553,,,,,,3.0
2016-04-06 23:56:52.416822,38.95,,,,,
2016-04-06 23:56:52.416882,,217.0,,,,
2016-04-06 23:56:52.417066,,,,61.0,,
2016-04-06 23:56:52.417260,,217.0,,,,
2016-04-06 23:56:53.564662,,,,,,1.0
2016-04-06 23:56:53.565151,38.94,,,,,
2016-04-06 23:56:53.565257,,1.0,,,,
2016-04-06 23:56:53.565513,,,,18.0,,
2016-04-06 23:56:53.565748,,1.0,,,,
2016-04-06 23:56:53.565999,,,,20.0,,
2016-04-06 23:56:53.787261,38.95,,,,,
2016-04-06 23:56:53.787434,,218.0,,,,
2016-04-06 23:56:53.787810,,218.0,,,,
2016-04-06 23:56:53.788311,38.94,,,,,
2016-04-06 23:56:53.788432,,1.0,,,,
2016-04-06 23:56:53.788716,,,,19.0,,
2016-04-06 23:56:53.789011,,1.0,,,,
2016-04-06 23:56:54.020240,,,,21.0,,
2016-04-06 23:56:54.243504,38.95,,,,,
2016-04-06 23:56:54.243658,,210.0,,,,
2016-04-06 23:56:54.243920,,,,23.0,,
2016-04-06 23:56:54.244186,,210.0,,,,
2016-04-06 23:56:54.466911,38.94,,,,,
2016-04-06 23:56:54.466978,,3.0,,,,
2016-04-06 23:56:54.467166,,,,19.0,,
2016-04-06 23:56:54.467347,,3.0,,,,
2016-04-06 23:56:54.689386,,,,22.0,,
2016-04-06 23:56:54.689701,,1.0,,,,
2016-04-06 23:56:55.724549,,,,9.0,,
2016-04-06 23:56:55.724860,,5.0,,,,
2016-04-06 23:56:55.947437,,,,17.0,,
2016-04-06 23:56:55.947683,,3.0,,,,
2016-04-06 23:56:56.226581,,,,,38.93,
2016-04-06 23:56:56.226674,,,,,,4.0
2016-04-06 23:56:56.226917,,,,,,4.0
2016-04-06 23:56:56.227181,,,,1.0,,
2016-04-06 23:56:56.227373,,29.0,,,,
2016-04-06 23:56:56.448726,,,38.92,,,
2016-04-06 23:56:56.448840,,,,41.0,,
2016-04-06 23:56:56.449032,,,,41.0,,
2016-04-06 23:56:56.449225,,60.0,,,,
2016-04-06 23:56:57.228677,,,,,,3.0
2016-04-06 23:56:57.229042,38.93,,,,,
2016-04-06 23:56:57.229126,,1.0,,,,
2016-04-06 23:56:57.229366,,1.0,,,,
2016-04-06 23:56:58.732727,,,,,,1.0
2016-04-06 23:56:58.732997,,,,16.0,,
2016-04-06 23:56:58.733265,,7.0,,,,
2016-04-06 23:56:58.955043,,,,1.0,,
2016-04-06 23:56:58.955296,,17.0,,,,
2016-04-06 23:56:58.955492,,,,14.0,,
2016-04-06 23:56:58.955676,,8.0,,,,
2016-04-06 23:56:59.178690,,,,39.0,,
2016-04-06 23:56:59.179036,,4.0,,,,
2016-04-06 23:56:59.401045,38.94,,,,,
2016-04-06 23:56:59.401141,,54.0,,,,
2016-04-06 23:56:59.401298,,,,44.0,,
2016-04-06 23:56:59.401453,,54.0,,,,
2016-04-07 20:24:08.054887,,,,,38.88,
2016-04-07 20:24:08.055554,,,,,,1.0
2016-04-07 20:24:08.055756,,,,,,1.0
2016-04-07 20:24:08.057256,,,38.88,,,
2016-04-07 20:24:08.057316,,,,1.0,,
2016-04-07 20:24:08.057579,38.89,,,,,
2016-04-07 20:24:08.057638,,29.0,,,,
2016-04-07 20:24:08.057817,,,,1.0,,
2016-04-07 20:24:08.058004,,29.0,,,,
2016-04-07 20:24:08.058194,,,,14.0,,
2016-04-07 20:24:08.058385,,7.0,,,,
2016-04-07 20:24:08.058597,38.9,,,,,
2016-04-07 20:24:08.058643,,32.0,,,,
2016-04-07 20:24:08.058791,,,,27.0,,
2016-04-07 20:24:08.058941,,32.0,,,,
2016-04-07 20:24:08.059146,38.89,,,,,
2016-04-07 20:24:08.059191,,6.0,,,,
2016-04-07 20:24:08.059339,,,,20.0,,
2016-04-07 20:24:08.059484,,6.0,,,,
2016-04-07 20:24:08.059629,,4.0,,,,
2016-04-07 20:24:08.059779,,,,19.0,,
2016-04-07 20:24:08.059928,,,,17.0,,
2016-04-07 20:24:08.060070,,5.0,,,,
2016-04-07 20:24:08.060445,,,,,38.89,
2016-04-07 20:24:08.060491,,,,,,1.0
2016-04-07 20:24:08.060860,38.9,,,,,
2016-04-07 20:24:08.060908,,32.0,,,,
2016-04-07 20:24:08.061055,,,,39.0,,
2016-04-07 20:24:08.061204,,32.0,,,,
2016-04-07 20:24:08.061408,38.89,,,,,
2016-04-07 20:24:08.061454,,5.0,,,,
2016-04-07 20:24:08.061600,,,,20.0,,
2016-04-07 20:24:08.061745,,5.0,,,,
2016-04-07 20:24:08.061910,,,,21.0,,
2016-04-07 20:24:08.062031,,3.0,,,,
2016-04-07 20:24:08.062205,38.9,,,,,
2016-04-07 20:24:08.062244,,36.0,,,,
2016-04-07 20:24:08.062367,,,,23.0,,
2016-04-07 20:24:08.062492,,36.0,,,,
2016-04-07 20:24:08.062661,38.89,,,,,
2016-04-07 20:24:08.062699,,3.0,,,,
2016-04-07 20:24:08.062821,,,,22.0,,
2016-04-07 20:24:08.062942,,3.0,,,,
2016-04-07 20:24:08.063065,,,,20.0,,
2016-04-07 20:24:08.063184,,5.0,,,,
2016-04-07 20:24:08.063308,,,,25.0,,
2016-04-07 20:24:08.063428,,2.0,,,,
2016-04-07 20:24:08.063603,38.9,,,,,
2016-04-07 20:24:08.063641,,34.0,,,,
2016-04-07 20:24:08.063763,,,,32.0,,
2016-04-07 20:24:08.063886,,34.0,,,,
2016-04-07 20:24:08.064057,,,38.89,,,
2016-04-07 20:24:08.064095,,,,1.0,,
2016-04-07 20:24:08.064212,,,,1.0,,
2016-04-07 20:24:08.064336,,13.0,,,,
2016-04-07 20:24:08.064465,,,,14.0,,
2016-04-07 20:24:08.064561,,7.0,,,,
2016-04-07 20:24:08.064700,38.91,,,,,
2016-04-07 20:24:08.064731,,22.0,,,,
2016-04-07 20:24:08.064830,,,,29.0,,
2016-04-07 20:24:08.064929,,22.0,,,,
2016-04-07 20:24:08.065139,,,,,,2.0
2016-04-07 20:24:08.065388,,,38.88,,,
2016-04-07 20:24:08.065419,,,,34.0,,
2016-04-07 20:24:08.065561,38.9,,,,,
2016-04-07 20:24:08.065592,,48.0,,,,
2016-04-07 20:24:08.065690,,,,34.0,,
2016-04-07 20:24:08.065790,,48.0,,,,
2016-04-07 20:24:08.065925,38.89,,,,,
2016-04-07 20:24:08.065955,,4.0,,,,
2016-04-07 20:24:08.066054,,,,33.0,,
2016-04-07 20:24:08.066149,,4.0,,,,
2016-04-07 20:24:08.066357,,,,19.0,,
2016-04-07 20:24:08.066455,,6.0,,,,
2016-04-07 20:24:08.066555,,,,21.0,,
2016-04-07 20:24:08.066651,,7.0,,,,
2016-04-07 20:24:08.066751,,,,22.0,,
2016-04-07 20:24:08.066848,,5.0,,,,
2016-04-07 20:24:08.507976,,,38.87,,,
2016-04-07 20:24:08.508121,,,,18.0,,
2016-04-07 20:24:08.508474,38.88,,,,,
2016-04-07 20:24:08.508560,,7.0,,,,
2016-04-07 20:24:08.508813,,,,18.0,,
2016-04-07 20:24:08.509059,,7.0,,,,
2016-04-07 20:24:09.509444,,,,15.0,,
2016-04-07 20:24:09.509792,,8.0,,,,
2016-04-07 20:24:10.511312,,,,20.0,,
2016-04-07 20:24:11.536385,,,,3.0,,
2016-04-07 20:24:11.536810,,16.0,,,,
2016-04-07 20:24:13.416244,,15.0,,,,
2016-04-07 20:24:14.018614,,,,,38.87,
2016-04-07 20:24:14.018829,,,,,,1.0
2016-04-07 20:24:14.019290,,,,,,1.0
2016-04-07 20:24:14.020429,,,38.86,,,
2016-04-07 20:24:14.020551,,,,62.0,,
2016-04-07 20:24:14.021025,38.87,,,,,
2016-04-07 20:24:14.021145,,2.0,,,,
2016-04-07 20:24:14.021510,,,,62.0,,
2016-04-07 20:24:14.021866,,2.0,,,,
2016-04-07 20:24:15.020746,,,,41.0,,
2016-04-07 20:24:15.021218,,3.0,,,,
2016-04-07 20:24:16.022942,,,,42.0,,
2016-04-07 20:24:19.630422,,,,36.0,,
2016-04-07 20:24:20.632630,,,,31.0,,
2016-04-07 20:24:20.632965,,9.0,,,,
2016-04-07 20:24:21.457359,38.88,,,,,
2016-04-07 20:24:21.457510,,46.0,,,,
2016-04-07 20:24:21.457777,,,,45.0,,
2016-04-07 20:24:21.458035,,46.0,,,,
2016-04-07 20:24:21.680357,,,,54.0,,
2016-04-07 20:24:21.680816,,28.0,,,,
2016-04-07 20:24:21.903367,38.87,,,,,
2016-04-07 20:24:21.903564,,1.0,,,,
2016-04-07 20:24:21.903918,,,,50.0,,
2016-04-07 20:24:21.904242,,1.0,,,,
2016-04-07 20:24:21.905505,38.88,,,,,
2016-04-07 20:24:21.905595,,42.0,,,,
2016-04-07 20:24:21.905812,,,,44.0,,
2016-04-07 20:24:21.906010,,42.0,,,,
2016-04-07 20:24:22.336760,,,38.87,,,
2016-04-07 20:24:22.336910,,,,4.0,,
2016-04-07 20:24:22.337158,,,,4.0,,
2016-04-07 20:24:22.338066,,17.0,,,,
2016-04-07 20:24:22.559584,,,,1.0,,
2016-04-07 20:24:22.782957,,,38.86,,,
2016-04-07 20:24:22.783106,,,,56.0,,
2016-04-07 20:24:22.783369,,,,56.0,,
2016-04-07 20:24:22.783635,,35.0,,,,
2016-04-07 20:24:23.639576,,,,48.0,,
2016-04-07 20:24:23.639906,,47.0,,,,
2016-04-07 20:24:24.641613,,48.0,,,,
2016-04-07 20:24:25.643239,,,,47.0,,
2016-04-07 20:24:25.643716,,50.0,,,,
2016-04-07 20:24:26.645876,38.87,,,,,
2016-04-07 20:24:26.646072,,2.0,,,,
2016-04-07 20:24:26.646305,,,,45.0,,
2016-04-07 20:24:26.646591,,2.0,,,,
2016-04-07 20:24:27.647376,,,,41.0,,
2016-04-07 20:24:27.647639,,4.0,,,,
2016-04-07 20:24:27.948745,38.88,,,,,
2016-04-07 20:24:27.948893,,26.0,,,,
2016-04-07 20:24:27.949152,,,,42.0,,
2016-04-07 20:24:27.949409,,26.0,,,,
2016-04-07 20:24:28.449798,,,38.87,,,
2016-04-07 20:24:28.449915,,,,9.0,,
2016-04-07 20:24:28.450111,,,,9.0,,
2016-04-07 20:24:28.450305,,24.0,,,,
2016-04-07 20:24:28.672540,,,,2.0,,
2016-04-07 20:24:30.954714,,,,3.0,,
2016-04-07 20:24:31.478408,,,,9.0,,
2016-04-07 20:24:31.701706,,,,,38.88,
2016-04-07 20:24:31.701822,,,,,,1.0
2016-04-07 20:24:32.357780,,,,12.0,,
2016-04-07 20:24:32.358030,,22.0,,,,
2016-04-07 20:24:33.359449,,23.0,,,,
2016-04-07 20:24:33.860776,,,38.86,,,
2016-04-07 20:24:33.860885,,,,49.0,,
2016-04-07 20:24:33.861075,,,,49.0,,
2016-04-07 20:24:33.861270,,24.0,,,,
2016-04-07 20:24:34.862946,,,,51.0,,
2016-04-07 20:24:35.163215,,,38.87,,,
2016-04-07 20:24:35.163326,,,,8.0,,
2016-04-07 20:24:35.163534,,,,8.0,,
2016-04-07 20:24:35.163758,,18.0,,,,
2016-04-07 20:24:35.386221,,,,4.0,,
2016-04-07 20:24:35.386466,,24.0,,,,
2016-04-07 20:24:36.265823,,,,2.0,,
2016-04-07 20:24:37.268033,,,,1.0,,
2016-04-07 20:24:37.892877,,,,6.0,,
2016-04-07 20:24:37.893448,,10.0,,,,
2016-04-07 20:24:38.371917,,,,,38.87,
2016-04-07 20:24:38.372141,,,,,,6.0
2016-04-07 20:24:38.372679,,,,,,6.0
2016-04-07 20:24:38.373714,,,38.86,,,
2016-04-07 20:24:38.373838,,,,21.0,,
2016-04-07 20:24:38.374282,38.87,,,,,
2016-04-07 20:24:38.374395,,7.0,,,,
2016-04-07 20:24:38.374701,,,,21.0,,
2016-04-07 20:24:38.374991,,7.0,,,,
2016-04-07 20:24:38.595246,,,38.87,,,
2016-04-07 20:24:38.595409,,,,1.0,,
2016-04-07 20:24:38.595777,38.88,,,,,
2016-04-07 20:24:38.595864,,20.0,,,,
2016-04-07 20:24:38.596107,,,,1.0,,
2016-04-07 20:24:38.596333,,20.0,,,,
2016-04-07 20:24:39.373169,,,,,,4.0
2016-04-07 20:24:39.596161,,,,3.0,,
2016-04-07 20:24:39.875324,38.89,,,,,
2016-04-07 20:24:39.875475,,17.0,,,,
2016-04-07 20:24:39.875990,,,,27.0,,
2016-04-07 20:24:39.876237,,17.0,,,,
2016-04-07 20:24:40.275185,,,38.88,,,
2016-04-07 20:24:40.275302,,,,2.0,,
2016-04-07 20:24:40.275495,,,,2.0,,
2016-04-07 20:24:40.497918,,,,10.0,,
2016-04-07 20:24:40.498225,,3.0,,,,
2016-04-07 20:24:41.499916,,,,13.0,,
2016-04-07 20:24:41.778629,,,,,38.89,
2016-04-07 20:24:41.778827,,,,,,2.0
2016-04-07 20:24:41.778978,,,,,,2.0
2016-04-07 20:24:41.779364,38.9,,,,,
2016-04-07 20:24:41.779403,,21.0,,,,
2016-04-07 20:24:41.779534,,,,30.0,,
2016-04-07 20:24:41.779645,,21.0,,,,
2016-04-07 20:24:42.002441,,,38.89,,,
2016-04-07 20:24:42.002591,,,,1.0,,
2016-04-07 20:24:42.002844,,,,1.0,,
2016-04-07 20:24:42.981510,,,,4.0,,
2016-04-07 20:24:42.981835,,20.0,,,,
2016-04-07 20:24:43.281724,38.91,,,,,
2016-04-07 20:24:43.281809,,22.0,,,,
2016-04-07 20:24:43.281940,,,,28.0,,
2016-04-07 20:24:43.282068,,22.0,,,,
2016-04-07 20:24:44.283962,,,,27.0,,
2016-04-07 20:24:45.687031,,,,28.0,,
2016-04-07 20:24:45.909808,,,,38.0,,
2016-04-07 20:24:45.909992,,21.0,,,,
2016-04-07 20:24:46.889762,,,,31.0,,
2016-04-07 20:24:47.992916,,,,30.0,,
2016-04-07 20:24:50.798374,,,38.9,,,
2016-04-07 20:24:50.798489,,,,1.0,,
2016-04-07 20:24:50.798652,,,,1.0,,
2016-04-07 20:24:51.599884,,,38.89,,,
2016-04-07 20:24:51.600011,,,,37.0,,
2016-04-07 20:24:51.600397,,,,37.0,,
2016-04-07 20:24:52.601475,,,,33.0,,
2016-04-07 20:24:53.704048,,,,32.0,,
2016-04-07 20:24:54.305379,38.9,,,,,
2016-04-07 20:24:54.305454,,2.0,,,,
2016-04-07 20:24:54.305568,,,,26.0,,
2016-04-07 20:24:54.305676,,2.0,,,,
2016-04-07 20:24:54.528247,,,,,38.9,
2016-04-07 20:24:54.528373,,,,,,3.0
2016-04-07 20:24:54.528590,,,,,,3.0
2016-04-07 20:24:54.529050,38.91,,,,,
2016-04-07 20:24:54.529097,,21.0,,,,
2016-04-07 20:24:54.529225,,,,20.0,,
2016-04-07 20:24:54.529357,,21.0,,,,
2016-04-07 20:24:55.408613,,,,24.0,,
2016-04-07 20:24:57.413321,,,,23.0,,
2016-04-07 20:24:58.414969,,,,22.0,,
2016-04-07 20:24:59.717005,,,,23.0,,
2016-04-07 20:25:00.720467,,,,24.0,,
2016-04-07 20:25:00.942932,,,,,38.89,
2016-04-07 20:25:00.943011,,,,,,1.0
2016-04-07 20:25:00.943121,,,,,,1.0
2016-04-07 20:25:01.543830,38.9,,,,,
2016-04-07 20:25:01.543907,,10.0,,,,
2016-04-07 20:25:01.544021,,,,11.0,,
2016-04-07 20:25:01.544129,,10.0,,,,
2016-04-07 20:25:01.544237,,,,31.0,,
2016-04-07 20:25:01.544342,,9.0,,,,
2016-04-07 20:25:02.223629,,,,,38.9,
2016-04-07 20:25:02.223741,,,,,,1.0
2016-04-07 20:25:02.224018,,,,36.0,,
2016-04-07 20:25:02.224129,,2.0,,,,
2016-04-07 20:25:02.446187,,,,13.0,,
2016-04-07 20:25:02.446484,,5.0,,,,
2016-04-07 20:25:02.824857,,,,10.0,,
2016-04-07 20:25:02.825093,,9.0,,,,
2016-04-07 20:25:03.047063,,,,5.0,,
2016-04-07 20:25:04.027119,,,,6.0,,
2016-04-07 20:25:05.431423,,,,8.0,,
2016-04-07 20:25:05.431667,,8.0,,,,
2016-04-07 20:25:06.433364,,,,10.0,,
2016-04-07 20:25:06.433685,,6.0,,,,
2016-04-07 20:25:07.435147,,,,9.0,,
2016-04-07 20:25:07.435393,,8.0,,,,
2016-04-07 20:25:08.638988,,,,8.0,,
2016-04-07 20:25:09.640688,,,,6.0,,
2016-04-07 20:25:09.640858,,9.0,,,,
2016-04-07 20:25:16.855647,,,,7.0,,
2016-04-07 20:25:17.356876,,,,10.0,,
2016-04-07 20:25:17.357184,,7.0,,,,
2016-04-07 20:25:18.459798,,,,8.0,,
2016-04-07 20:25:18.460280,,8.0,,,,
2016-04-07 20:25:19.360781,,,,7.0,,
2016-04-07 20:25:19.360940,,9.0,,,,
2016-04-07 20:25:21.487675,,,,8.0,,
2016-04-07 20:25:22.566635,,,,7.0,,
2016-04-07 20:25:24.470563,,,,6.0,,
2016-04-07 20:25:25.472551,,,,8.0,,
2016-04-07 20:25:26.474673,,,,7.0,,
2016-04-07 20:25:27.075994,,,,,38.89,
2016-04-07 20:25:27.076114,,,,,,1.0
2016-04-07 20:25:27.076630,,,38.88,,,
2016-04-07 20:25:27.076702,,,,16.0,,
2016-04-07 20:25:27.076981,38.89,,,,,
2016-04-07 20:25:27.077057,,5.0,,,,
2016-04-07 20:25:27.077266,,,,16.0,,
2016-04-07 20:25:27.077472,,5.0,,,,
2016-04-07 20:25:27.299589,,,,10.0,,
2016-04-07 20:25:27.299817,,14.0,,,,
2016-04-07 20:25:27.576649,,,38.87,,,
2016-04-07 20:25:27.576725,,,,14.0,,
2016-04-07 20:25:27.576841,,,,14.0,,
2016-04-07 20:25:27.576953,,12.0,,,,
2016-04-07 20:25:27.799786,,,38.88,,,
2016-04-07 20:25:27.799901,,,,5.0,,
2016-04-07 20:25:27.800104,,,,5.0,,
2016-04-07 20:25:27.800384,,,38.87,,,
2016-04-07 20:25:27.800453,,,,14.0,,
2016-04-07 20:25:27.800653,,,,14.0,,
2016-04-07 20:25:29.280430,,,38.88,,,
2016-04-07 20:25:29.280509,,,,5.0,,
2016-04-07 20:25:29.280621,,,,5.0,,
2016-04-07 20:25:29.680844,,,,10.0,,
2016-04-07 20:25:29.904192,,,,8.0,,
2016-04-07 20:25:29.904343,,9.0,,,,
2016-04-07 20:25:30.783040,,,,5.0,,
2016-04-07 20:25:30.783231,,10.0,,,,
2016-04-07 20:25:32.888662,,,38.87,,,
2016-04-07 20:25:32.888829,,,,14.0,,
2016-04-07 20:25:32.889300,38.88,,,,,
2016-04-07 20:25:32.889427,,2.0,,,,
2016-04-07 20:25:32.889784,,,,14.0,,
2016-04-07 20:25:32.890210,,2.0,,,,
2016-04-07 20:25:33.111746,,,,,38.88,
2016-04-07 20:25:33.111876,,,,,,1.0
2016-04-07 20:25:33.112799,38.89,,,,,
2016-04-07 20:25:33.112933,,18.0,,,,
2016-04-07 20:25:33.113403,,,,13.0,,
2016-04-07 20:25:33.113675,,18.0,,,,
2016-04-07 20:25:34.090541,,16.0,,,,
2016-04-07 20:25:34.692135,,,38.88,,,
2016-04-07 20:25:34.692302,,,,5.0,,
2016-04-07 20:25:34.692557,,,,5.0,,
2016-04-07 20:25:34.692819,,10.0,,,,
2016-04-07 20:25:38.899388,,,,7.0,,
2016-04-07 20:25:39.901433,,,,8.0,,
2016-04-07 20:25:40.903556,,,,9.0,,
2016-04-07 20:25:41.127337,,,,4.0,,
2016-04-07 20:25:41.127553,,,,1.0,,
2016-04-07 20:25:41.350093,,,,5.0,,
2016-04-07 20:25:42.206085,,,,3.0,,
2016-04-07 20:25:43.508622,,,,4.0,,
2016-04-07 20:25:44.110036,,,,1.0,,
2016-04-07 20:25:47.317104,,,38.87,,,
2016-04-07 20:25:47.317219,,,,16.0,,
2016-04-07 20:25:47.317484,38.88,,,,,
2016-04-07 20:25:47.317548,,3.0,,,,
2016-04-07 20:25:47.317738,,,,16.0,,
2016-04-07 20:25:47.317924,,3.0,,,,
2016-04-07 20:25:48.318461,,,,14.0,,
2016-04-07 20:25:48.318621,,6.0,,,,
2016-04-07 20:25:49.320508,,,,13.0,,
2016-04-07 20:25:50.022592,,,,10.0,,
2016-04-07 20:25:50.022913,,9.0,,,,
2016-04-07 20:25:51.024829,,,,9.0,,
2016-04-07 20:25:51.025157,,10.0,,,,
2016-04-07 20:25:52.026224,,,,5.0,,
2016-04-07 20:25:54.431224,,,,4.0,,
2016-04-07 20:25:54.933303,,,,,38.87,
2016-04-07 20:25:54.933522,,,,,,4.0
2016-04-07 20:25:54.933807,,,,,,4.0
2016-04-07 20:25:54.934357,,,38.86,,,
2016-04-07 20:25:54.934419,,,,23.0,,
2016-04-07 20:25:54.934684,38.87,,,,,
2016-04-07 20:25:54.934744,,1.0,,,,
2016-04-07 20:25:54.934928,,,,23.0,,
2016-04-07 20:25:54.935110,,1.0,,,,
2016-04-07 20:25:55.934196,,,,14.0,,
2016-04-07 20:25:55.934401,,3.0,,,,
2016-04-07 20:25:56.936100,,,,15.0,,
2016-04-07 20:25:58.038870,,,,8.0,,
2016-04-07 20:25:58.039193,,5.0,,,,
2016-04-07 20:25:58.439028,,,,5.0,,
2016-04-07 20:25:58.439169,,6.0,,,,
2016-04-07 20:25:59.441065,,,,7.0,,
2016-04-07 20:25:59.441227,,7.0,,,,
2016-04-07 20:25:59.843094,,,38.85,,,
2016-04-07 20:25:59.843254,,,,40.0,,
2016-04-07 20:25:59.843523,,,,40.0,,
2016-04-07 20:25:59.843784,,10.0,,,,
2016-04-07 20:26:00.244414,,,38.86,,,
2016-04-07 20:26:00.283588,,,,1.0,,
2016-04-07 20:26:00.283739,,,,1.0,,
